,G8,G17,G23,G24,G27,G28,G38,G45,G46
G8,0.0,0.74,0.9,0.74,0.72,0.84,0.62,0.74,0.78
G17,0.74,0.0,0.74,0.7,0.8,0.8200000000000001,0.7,0.72,0.6599999999999999
G23,0.9,0.74,0.0,0.72,0.72,0.6799999999999999,0.8,0.72,0.72
G24,0.74,0.7,0.72,0.0,0.84,0.8200000000000001,0.74,0.64,0.76
G27,0.72,0.8,0.72,0.84,0.0,0.6599999999999999,0.76,0.72,0.76
G28,0.84,0.8200000000000001,0.6799999999999999,0.8200000000000001,0.6599999999999999,0.0,0.78,0.6799999999999999,0.7
G38,0.62,0.7,0.8,0.74,0.76,0.78,0.0,0.74,0.86
G45,0.74,0.72,0.72,0.64,0.72,0.6799999999999999,0.74,0.0,0.7
G46,0.78,0.6599999999999999,0.72,0.76,0.76,0.7,0.86,0.7,0.0
